delta,theta,alpha,beta,gamma,deltaRIR,thetaRIR,alphaRIR,betaRIR,gammaRIR,PFD,HFD,hjorth_mobility,hjorth_complexity,spec_entropy,svd_entropy,fisher_info,approx_entropy,Hurst
9614.913260677866,5918.185380181312,2789.5814833121226,8022.159247362804,11612.897760792162,0.2533057549547504,0.15591512632983484,0.07349177517055958,0.21134450716586123,0.3059428363789941,0.6497725315895624,0.04419323628736765,0.0032407919232717154,164.72574144952415,0.7194624174373305,1.6911569219959657,1.6911569219959657,0.18243064508450277,0.9250002974977705
2036.477633423761,2493.4982115580715,2485.7032014882293,6127.882808380321,10564.271415999714,0.08589893518138188,0.10517613242303106,0.10484733771704557,0.2584750254640454,0.4456025692144961,0.6486048308749939,0.04769417990912302,0.005166292964522026,71.53330724476072,0.6423842900950748,1.948082980688571,1.948082980688571,0.21732701184016398,0.774368380159985
3597.644652889051,1175.7507616063554,3363.0856050863586,5921.125077156888,10576.56121870947,0.1460428764171364,0.04772845562630567,0.1365211806033875,0.24036229848303992,0.42934518887013046,0.6480307986965479,0.04340993150075319,0.004772271550744249,83.9109908429181,0.6466107285446043,1.8994203769989288,1.8994203769989288,0.1863739905153676,0.8217291980349518
7257.417000675018,2583.0799296088267,2203.225690153413,6425.591276929653,10268.454453207323,0.2525393382026479,0.08988449966252204,0.07666655473299437,0.22359395477558916,0.3573156526262465,0.6406085558192915,0.054056431477711935,0.003668533343514645,96.22562692369696,0.6809350353893706,1.7901244681374173,1.7901244681374173,0.1753522908384873,0.9046136212961123
15007.290849874877,4003.873361346836,4300.643709703487,6152.5504537287525,11805.508425258702,0.36363797641107576,0.09701687143209559,0.10420784080923151,0.14908093800151964,0.2860563733460775,0.639632106805599,0.06086176816381579,0.0024421969376868537,217.4371726542848,0.6919034324051355,1.544136935396989,1.544136935396989,0.143546877498704,0.9958845174089368
21349.339400391735,4259.092358572131,4982.219211916882,7801.19470140752,13282.342048133945,0.4131528784912905,0.08242204757267797,0.09641601410113418,0.15096888883121043,0.2570401710036869,0.6421098382826886,0.05591041552505259,0.0018077131176422224,409.18312554710025,0.6722085214900052,1.2445242599676483,1.2445242599676483,0.08733038337192481,0.9969282942157526
3649.590906576147,3927.277518814848,3564.3030427788703,7105.487351302831,9701.715758287322,0.13058329730131488,0.1405189954030453,0.12753167569233786,0.2542361571523032,0.34712987445099885,0.6480307986965479,0.04576717687347629,0.00412238790562524,95.46179537983068,0.7160277663963558,1.8583939658910107,1.8583939658910107,0.18555780498978916,0.830950096975379
15912.791582987695,5902.804560586631,3384.9054260622634,8923.45282917724,13583.478344312614,0.3335495261014724,0.12372924345708144,0.07095132207779407,0.18704533688124114,0.28472457148241087,0.6431361754494215,0.056304911071097065,0.00245639790046593,151.7026793888685,0.699661164980876,1.60631067309162,1.60631067309162,0.1738459933435194,0.9497466954945667
31048.16800639281,5243.547339862122,4179.13898799163,5993.763214087474,11403.639724438193,0.5365319342526905,0.0906118066619103,0.07221815870992143,0.10357601034769053,0.1970620900277872,0.6411040123456083,0.05415295174943629,0.0010991561258743368,331.2961524853391,0.606598217771918,1.1253888742949811,1.1253888742949811,0.16462975791380197,0.8354647755463849
35268.635166432745,6480.1239795966285,5229.757663126899,11816.361439309496,16551.96472600352,0.4680837812724715,0.08600392164794972,0.06940911465791556,0.15682623150267064,0.21967695091899242,0.6431361754494215,0.058596844830088306,0.0010492222078719799,453.4090441591157,0.6474490915794705,1.073955134588903,1.073955134588903,0.14964451687914693,0.9148603343791107
8269.040188566942,4354.09697851855,4739.428895834858,7436.207380499661,13006.821557000107,0.21872530212723942,0.11517070366093074,0.12536316108190312,0.19669594885140745,0.3440448842785193,0.639632106805599,0.05602028683308252,0.003520743973430858,151.3298965759181,0.7217055534665006,1.7618010461874434,1.7618010461874434,0.1739485384966617,0.8844862765510386
18399.685878990975,3410.6277065400027,4383.1301629252675,9978.866622220943,10036.695009927318,0.3981839844298824,0.07380872361237967,0.09485445806122061,0.21595069056408242,0.21720214333243498,0.6411040123456083,0.054821000596935225,0.0019711733230588606,191.39583218922994,0.6918193505382443,1.491692273499907,1.491692273499907,0.149145410761861,1.0550255899171859
40494.274268515896,5739.548073717015,5399.105400824436,8953.444584843226,15011.40343679587,0.5356543080653227,0.07592218177928639,0.07141883932709268,0.11843529117459052,0.1985693796537077,0.6337136569772641,0.06748952657260952,0.0012696568046669196,319.32870146384295,0.6034892385644597,1.2101119786223673,1.2101119786223673,0.11162391136326962,1.0290958021213492
8741.803684191033,4341.845223451693,2872.2642346659704,8159.769780511182,12827.158095401765,0.23663052010210142,0.11752873097415888,0.07774887246081746,0.22087553516759764,0.3472163412953247,0.6316140098485811,0.07119027432821362,0.0033272244550229904,126.84776940707869,0.6988966317617539,1.774423596815172,1.774423596815172,0.19370688949169232,0.9282111071682264
12040.74233570345,7501.384879431255,5825.032082417338,8432.105345537511,12833.998664052513,0.258200723728021,0.1608591024399184,0.1249115260077716,0.18081739830217072,0.2752112495221181,0.6363576908888365,0.05953186844381614,0.0024739722418885978,165.82344844199545,0.7534402042067473,1.633329440007618,1.633329440007618,0.15512709009466139,0.9472017753296772
39113.87343446823,4970.917808093582,7544.337024352544,11565.675333028808,16964.787244296305,0.4879500134983422,0.06201276423369879,0.09411646123558907,0.14428311336446845,0.21163764766790166,0.6416044091016299,0.05552624059334166,0.001103363307946703,355.31829445664454,0.6364290453983318,1.144982627901304,1.144982627901304,0.0648729566500266,1.0050128086180141
46767.947467267986,4443.103710537764,3802.5929026064805,8642.036969687164,14819.231103977205,0.595960494679426,0.056618141882264654,0.048456160041829933,0.11012483776623419,0.1888403656302453,0.6447158798612393,0.051135430609345,0.001106656800544093,420.77486212201035,0.5347611596622387,1.0901141492717517,1.0901141492717517,0.10331090954870446,1.0677782228363135
20379.892775706976,8439.331714404732,3557.1617706112847,6495.856373954633,13356.619018269315,0.39020365619163494,0.16158368088668756,0.06810720467637411,0.12437292654621955,0.2557325316990838,0.6452535881295922,0.054088399882134965,0.0020312792761607253,240.61531402557804,0.6859367542882259,1.4521487757733833,1.4521487757733833,0.12646754194162593,1.0135356997729803
5948.767391969129,2927.479616889601,4938.617984151569,7343.048204272445,15230.78690729549,0.16347842530436216,0.08045023890593114,0.1357184502320328,0.20179473801397432,0.41855814754369947,0.5963024144330324,0.2513060584834571,0.006948029314211038,115.89945001311439,0.6790209516873066,2.0396066294724147,2.0396066294724147,0.1883605828231734,0.8618244093786668
4123.379319221195,4505.881201129747,4095.838120848781,7337.751957518767,16047.722788381654,0.11418758918666738,0.12478010672462465,0.11342489849003466,0.20320231082622597,0.44440509477244733,0.5968813526216776,0.23468815840218502,0.007851648089797107,101.05921971003106,0.6699020056189702,2.097883507348947,2.097883507348947,0.19740150655839586,0.7857631560898377
48571.160715385544,3720.7152431931063,2635.9227189958897,7863.230734011299,12403.303040238718,0.6459417768819755,0.04948132554507205,0.03505480576856867,0.10457211970129675,0.16494997210308712,0.6354605081608365,0.060470045071915016,0.0010476965970322727,565.9931517067104,0.4875175603943422,1.0280933529861827,1.0280933529861827,0.07003567116186024,1.023236896868073
7679.358881970303,3311.7887097426938,3789.1460954953313,7542.788871929154,11277.569231414996,0.22854791418449547,0.09856322818933744,0.11277001765069117,0.22448340939772976,0.3356354305777461,0.6457970505274119,0.05030942854672894,0.003343572820619927,107.53917514466988,0.7127911402979801,1.7684933804573373,1.7684933804573373,0.18719708241795785,0.9418555715729173
22049.754973329982,5740.965069381422,4836.6698983071465,8013.432351403404,6499.9667268678995,0.4677425947263482,0.1217833894768337,0.1026005291580503,0.169989355675068,0.1378841309636997,0.6890044292483088,0.01153268647563246,0.0011049978978203293,640.425745602057,0.7124607505413431,0.9377218232475794,0.9377218232475794,0.05271768838434132,0.9191681302669857
10340.517281021735,2784.3709614794407,2825.9161953520515,8307.03037531466,16721.776431405608,0.25233322052051005,0.06794527514821523,0.06895907768588846,0.2027113025972074,0.408051124048179,0.5990717050844961,0.23504427583183513,0.00578375426539141,137.0773503518514,0.6450123880781272,1.9438110889658127,1.9438110889658127,0.23060924557711118,0.9444397683540303
18106.380622706427,11073.286880659223,8546.540698802683,12715.435849881513,17636.372158703096,0.265965162184713,0.16265583953532115,0.12554038990126673,0.18677741446692017,0.2590611939117789,0.6436572808543757,0.05124707096598019,0.001829713768025269,188.29030431664034,0.7589845006241669,1.4862064689244057,1.4862064689244057,0.12074638885581114,0.941139191269263
4817.296352009217,5039.442569131409,5244.3530644229095,9660.217666190592,10587.153489110238,0.13628022052365307,0.1425646865904502,0.1483615579982658,0.27328536541162834,0.29950816947600273,0.6411040123456083,0.05006733778168749,0.0037427218992133124,153.9377008335089,0.7374797934022767,1.7830733891297628,1.7830733891297628,0.18774115058895405,0.7988056998923537
18265.943277682716,7645.2406563065415,6642.242290865545,7620.139425979567,14738.972766641044,0.3326370225105046,0.13922577386940674,0.12096039415201597,0.13876866095766804,0.2684081485104047,0.6411040123456083,0.05777003241000651,0.0023294135354749203,269.73576518811115,0.7270891299004786,1.5011262497585975,1.5011262497585975,0.1451068600696512,0.8211864177379615
9391.173919806522,6335.426842315726,3547.7306961560853,8232.199173486675,11434.306937058815,0.24116517533061824,0.16269364599871608,0.0911056597045671,0.211402724939779,0.29363279402631964,0.6391509418092486,0.060020294618812184,0.0028505006409670344,192.50577842935866,0.736417826739693,1.6485769795721081,1.6485769795721081,0.16594833008774446,0.8441000300536727
10047.23696571271,2851.4072810483403,3831.862804766852,9013.682251744522,14874.838846864734,0.24735296296543183,0.0701988060991733,0.09433664416104237,0.2219078757479845,0.36620371102636795,0.6013760739187747,0.2431448931653092,0.005626083742672703,142.17650782035827,0.6765178954590283,1.9202934414506505,1.9202934414506505,0.23301927287447868,0.8628223040197703
12155.600911936304,3317.9110287760877,4399.794507537005,8104.88777591384,16076.295098898825,0.27592195707448536,0.07531380069906284,0.09987164929485992,0.1839741624622809,0.36491843046931094,0.5976653179110577,0.25454350046811025,0.005080483862632814,155.30025160199418,0.6782541345390647,1.8676982742976065,1.8676982742976065,0.24647744254676637,0.8904798183257602
12326.79642508333,5685.144592689443,5671.711301190418,8648.793234078339,13054.886495064786,0.27159112176979433,0.12525840000165075,0.12496242993923803,0.19055522419584897,0.287632824093468,0.6463463823294227,0.04986091511097758,0.0023333122127880113,239.2774803637899,0.7393953837962131,1.520933508311493,1.520933508311493,0.12355847369935138,0.9607906916733313
2843.2856907367905,4035.531066323314,2436.3589038228683,6802.3210323468775,10893.94305038227,0.10526227841702489,0.1494008133082824,0.09019729888330139,0.2518311166273743,0.403308492764017,0.6431361754494215,0.05448718107241218,0.004772765265713178,99.25716767215063,0.6743181315916006,1.9076812482400987,1.9076812482400987,0.22602984067796458,0.7621717971635968
5151.911542896509,5032.664152725024,4950.834440404841,9884.343057057276,12499.80938213345,0.13731267608912678,0.13413440368969717,0.13195341578089265,0.26344505049177225,0.33315445394851123,0.6441838137198849,0.050875887245860923,0.004007203490801934,174.66606560803788,0.721218331384668,1.788366877879202,1.788366877879202,0.1800030825640469,0.7761865427611632
33029.94297007493,7159.641472725274,6464.674033372185,11953.414286682946,16824.105983472422,0.4378783520557365,0.0949154532972461,0.08570226157747743,0.1584665572700004,0.2230373757995395,0.6426203946153349,0.054082558575393534,0.0019639447981020563,423.88534705062494,0.6757631667425247,1.1853337520317755,1.1853337520317755,0.07792576205269179,0.9422697297160934
14056.20299829583,2769.3843666193125,5142.376496908469,12183.624733449957,11389.78253764043,0.3086468994811846,0.06081029836666034,0.1129165936155122,0.26752872015846085,0.25009748837818196,0.6509673544518015,0.03944182523854962,0.002927933586772576,201.42927257118683,0.7034306666828668,1.6256389172157881,1.6256389172157881,0.18286107759313014,0.842476657955876
7611.869958923398,4944.261459714086,2999.0187291873863,8798.775368464669,12174.321385776004,0.2083831172990942,0.13535446891196157,0.08210135945554514,0.2408759279374869,0.33328512639591223,0.6491853625734599,0.0447597509658793,0.003755970800410271,175.40026316333,0.7118202665832645,1.7165507765430914,1.7165507765430914,0.1710940749638662,0.8925262029907458
1538.2042172521456,5187.507128398022,3485.7407114257153,6946.555590416901,11827.649589795767,0.05306777088612382,0.17896806982608499,0.12025743224968141,0.23965492773027472,0.40805179930783514,0.5982625810010318,0.26417709093354735,0.00720071935709689,116.42592906855654,0.6591245137926321,2.045692569833942,2.045692569833942,0.2204204904396932,0.6475799513959548
14783.302781471713,6281.510830030924,3366.556031617374,7265.89313837757,11886.465484219385,0.3391931661133333,0.144125137522298,0.07724341550343028,0.16671114260991146,0.272727138251027,0.6431361754494215,0.05286287174822248,0.002376142113706614,150.45893266649412,0.709799318683321,1.5923407513034333,1.5923407513034333,0.1476889681163738,1.0120510088149213
2310.6706757956686,2363.3915815150576,4512.343847041709,7099.479420602333,12861.27980935985,0.07927599988858412,0.0810847831824203,0.1548124421461108,0.24357358045532473,0.44125319432756005,0.6474631323727743,0.04675132779976556,0.005753351884047736,122.61442170224606,0.6446183229742547,1.908541182724686,1.908541182724686,0.20170656724674957,0.6877002817043028
3314.743906752152,4279.329534663593,2552.4203143120494,7949.832582750589,10197.906835660831,0.11715263270615195,0.15124387744760928,0.09020991304492917,0.2809700667207583,0.3604235100805511,0.6474631323727743,0.04256235902552434,0.004186413514047241,77.10307449899668,0.6900486413047238,1.866239915789461,1.866239915789461,0.1843001518371211,0.7381065721027875
33539.0429151095,2529.3203217933815,6127.13870389276,10848.915061316031,12972.5488939018,0.5080367214685158,0.03831318642812875,0.09281157685350026,0.16433525706717095,0.1965032581826843,0.6469017022093453,0.04144928003859445,0.0010786478318216908,299.4397026022255,0.6128933819287515,1.1359932809543245,1.1359932809543245,0.15920388985829795,0.933381036604554
5065.382083752845,3228.7448494444993,3090.167782173169,8170.455652575926,9979.537734095951,0.17150852142606943,0.10932191215474808,0.10462983808841068,0.27664305380737836,0.33789667452339356,0.6447158798612393,0.04499515836048016,0.003677639992532889,102.17439957139233,0.7058660437611342,1.8025833069202792,1.8025833069202792,0.1855208571302398,0.835073397490969
28086.6821254871,8205.989944784738,6104.308263034012,9950.543561225428,24272.447679620414,0.36657129399095656,0.10709988239610739,0.07966993640980866,0.1298687973486839,0.3167900898544434,0.6386743718665095,0.05065208825203294,0.00242558604098802,140.53539141876024,0.6671793417123877,1.5528564989961688,1.5528564989961688,0.12722125050794225,0.9679191264442525
15642.54325460254,4668.7232503566975,5268.651144187968,7133.482350596338,13560.856571954928,0.3380398608968595,0.10089245287221119,0.11385706728804147,0.1541566062664571,0.2930540126764306,0.6426203946153349,0.05048969521132586,0.002154825476281133,169.65593327536322,0.7043962445788989,1.5288622157093053,1.5288622157093053,0.15074530641854927,0.911232569201371
15325.926957788326,4123.215957794067,2007.0998618409553,9188.849054487917,11774.621764714917,0.3612925608957261,0.09720046667457943,0.04731526197764306,0.216617423254332,0.27757428719771937,0.6401179497704479,0.055838122200113895,0.00256557594615429,163.6410562188257,0.6648846204972454,1.608676254442949,1.608676254442949,0.18165577082786696,1.038019097537613
16865.937300108213,3344.7324289518615,5162.315611974081,6173.0223386680045,10606.402765921739,0.4001179795367828,0.0793485448066256,0.12246786262990596,0.1464452987007974,0.2516203143258882,0.6463463823294227,0.05443793663531153,0.0020959331035158187,257.8190804382437,0.6872434799829245,1.4654624867528154,1.4654624867528154,0.12954988034669376,0.9713355400624687
15189.995638350027,3314.0323395353485,4161.189215683258,7981.457248159921,11536.563499976774,0.3600955350876971,0.07856277756854843,0.09864556204608496,0.18920921289138137,0.2734869124062881,0.6401179497704479,0.05236425618815128,0.0022151043688240974,175.06647287684677,0.6903955700335358,1.5310089480194609,1.5310089480194609,0.1481661388925011,0.9723927416202958
2235.5659281175713,4257.717349209987,3417.4627252020864,8486.842296827936,12038.092468844276,0.07345214142386501,0.13989229883296395,0.11228474734077686,0.27884516076586974,0.39552565163652453,0.6018081776349463,0.2351650270826392,0.007423835554591401,104.5215708660036,0.6639534899318342,2.0773293384792533,2.0773293384792533,0.20028646259748306,0.6913025998180051
11105.410198783304,4613.125064960368,2980.6389108261137,5823.677927162656,2490.8571693988692,0.411102751100209,0.17076977540031008,0.11033800952360982,0.2155823129919531,0.09220715098391796,0.6954316966073145,0.008890900645744902,0.0012250567411644857,158.04675594808563,0.7712377949999535,1.1059569585257794,1.1059569585257794,0.10252939882191943,0.8337730604053448
3059.4418221175633,3158.406212546151,3023.3674662077688,8035.245515350454,9248.894083878928,0.11534027765403711,0.11907121320815571,0.11398028244290204,0.3029269725146827,0.34868125418022233,0.6463463823294227,0.039957338313062724,0.003958960713006709,84.40719158096049,0.690810360975808,1.8372753028168929,1.8372753028168929,0.17865120342239973,0.7044406736784988
3761.17298407968,4431.944884358413,3432.6680639446154,9517.158404814847,10174.867905947898,0.12009692614792689,0.1415151495880251,0.10960753060571544,0.3038896309526816,0.3248907627056509,0.6528130707086605,0.03617430254646187,0.00393320303989358,111.59038892698992,0.7055490798142143,1.7935286631291336,1.7935286631291336,0.18443704817429737,0.7712806170918022
4889.415465342123,2228.0227010114136,3983.548398428823,8311.657662510152,11971.126358216035,0.15579439226463787,0.0709928303529023,0.1269302038636564,0.2648393582875621,0.38144321523124125,0.6515753061234332,0.04007895872001564,0.004176884698658393,103.02578495728909,0.6780735189187305,1.8451889179434695,1.8451889179434695,0.19911870240765792,0.873370630505451
19899.785040370636,5295.107184142025,3902.179444877845,13708.585970017277,28201.938701079154,0.28024867853503477,0.0745709960206451,0.054954394261799704,0.1930580202191825,0.39716791096333787,0.6406085558192915,0.052784876479264324,0.003685329224878158,99.68958689747416,0.6381459236979045,1.7975702082463034,1.7975702082463034,0.14581956755821765,0.9034525684779727
17857.48443667958,6419.2007984169795,5299.638702083504,11560.558426313515,13243.606823593376,0.32838035669822496,0.11804235111480509,0.09745478169295214,0.21258651032986026,0.24353600016415755,0.6377346960435631,0.055483720845737695,0.002441226780426533,188.41930495769617,0.7294359903837513,1.5939102711887225,1.5939102711887225,0.14851984009055283,1.0127975702554457
17184.26590053753,5155.442148694314,4085.0771616911716,7620.763584393797,11615.592619372146,0.3763433275675724,0.11290655443483578,0.08946506887751655,0.16689822786476022,0.2543868212553151,0.6486048308749939,0.04869307830608094,0.002662502041560109,302.10104798599923,0.7013778573293376,1.408522573361947,1.408522573361947,0.1781743111603104,0.8247969361854254
24530.304945056494,7536.001486099113,7656.688788413576,11922.868896780306,11377.995816725837,0.38922250987332546,0.11957378513632058,0.1214887313557781,0.18918023918942972,0.1805347344451461,0.6386743718665095,0.05247469393978736,0.0017271071731585993,292.431967654689,0.740824516442589,1.3846466741810328,1.3846466741810328,0.10151174208260703,0.9871928285353136
9141.622028123867,2263.6865528697763,2259.5175071756385,9332.235552013273,10131.387769085075,0.2759447602025863,0.06833059177941825,0.06820474690081758,0.2816985315769894,0.30582136954018846,0.6441838137198849,0.049065627010780495,0.003736005287931955,160.8634569059528,0.6702260232900201,1.7526720527763984,1.7526720527763984,0.19183511814522955,0.7979729882338691
4555.613981766636,3071.335728848377,2637.869739914334,8239.461338199837,10636.56932941825,0.15633085388025905,0.10539622956763728,0.09052137220497912,0.2827460868435242,0.3650054575036003,0.6391509418092486,0.05292078659365498,0.00452212267585319,110.51320188032865,0.6846331217375036,1.8861254907572984,1.8861254907572984,0.20663357709352273,0.7287303087879979
10592.030979583931,3165.762346737738,3867.0037663549265,7678.896428174587,10210.721635410177,0.29824596387071595,0.08914020779473823,0.10888546944502213,0.2162191435333481,0.2875092153561757,0.6431361754494215,0.05107962174018675,0.002720835806390274,144.2215447230838,0.7138579097966421,1.6603689989775936,1.6603689989775936,0.16091532266094266,0.8867823464679809
8646.864478499652,5517.6134091800595,3102.4577868365404,6738.267307408429,8807.402685832943,0.2635226402332396,0.16815529571312848,0.09455078996926727,0.20535605662154394,0.2684152174628206,0.6452535881295922,0.049154950092429935,0.003177539669918984,200.7222286876478,0.7451834405020028,1.6618477358435226,1.6618477358435226,0.174397227930525,0.8469424420093165
9558.916404793346,5019.535815196137,4152.055500571934,9733.201503216711,8857.211250540933,0.2561275628603786,0.13449657059370052,0.11125276246680489,0.26079746639459855,0.2373256376845174,0.6573928857953658,0.03548114953053613,0.00272692514012278,155.0402617546726,0.75399967541439,1.6331867785682856,1.6331867785682856,0.15904583116014123,0.8881517385973161
19897.07135278213,4947.564480919132,5067.706973015849,8498.50831485048,14565.558300624152,0.37558361485418595,0.09339184242348075,0.09565969132843861,0.1604206175454856,0.27494423384840916,0.639632106805599,0.05663291090766531,0.002770959120292916,290.82654400014195,0.6880034394778533,1.4045230399999102,1.4045230399999102,0.11373425166861208,1.0074123585350803
14643.96648543471,4579.962271968207,2725.1770720075374,7154.467532824118,17597.747992184984,0.31356642726017614,0.09806922243613958,0.05835331834245075,0.15319625495236783,0.37681477700886573,0.6324430956814427,0.0686111753349208,0.003504544661621741,111.21488104960576,0.6490333501910207,1.764650065757672,1.764650065757672,0.18752198384008073,0.8535287774559529
4432.259561179082,3352.132420089716,3736.754479471715,9593.619737256156,15178.14689303536,0.12212465695607919,0.0923632779678418,0.10296099599662795,0.26433865237526877,0.4182124167041823,0.6441838137198849,0.050023044383504855,0.005382784142323137,80.82790750589135,0.6602217034931386,1.976979797071329,1.976979797071329,0.21549364651556804,0.8298681123487095
19735.147443348244,5514.400050912756,5700.937981553787,9961.419199431379,13233.826690523385,0.36448205510480236,0.1018436709934056,0.10528877970162334,0.18397422932824026,0.24441126487192844,0.6431361754494215,0.04987277952317013,0.001851044764093004,311.11884690607013,0.7139001317159003,1.3801241003842144,1.3801241003842144,0.11212642714813825,0.9658938805792082
22616.062008096927,8609.559713205825,6126.603365529774,10631.596637486164,20690.418669699055,0.32932380290393465,0.12536810984451469,0.08921253923419394,0.15481200194552552,0.30128354607183117,0.6386743718665095,0.05236923853253448,0.002909932214361199,273.4975408228166,0.702433444301465,1.4555716801670833,1.4555716801670833,0.15286321726936758,0.8783785674580441
11542.878609166903,4762.37577133796,4010.3821041928068,7359.778442451811,15470.06462693842,0.26753390455879755,0.11037948402839666,0.09295022666662736,0.17058052242125318,0.3585558623249253,0.6391509418092486,0.059001898431441255,0.0031690679800399323,139.69599901916322,0.6949658720609667,1.711556258043704,1.711556258043704,0.17514788446186905,0.9229148172683986
4556.494705590435,2195.7326620977283,4588.373666246604,7252.977715471613,11891.501827928054,0.14946638222036307,0.07202646739042078,0.15051210557265335,0.23791892880428142,0.3900761160122814,0.6411040123456083,0.051029161650988385,0.004184311637730677,117.06976340030913,0.6835967183269375,1.8500324524662728,1.8500324524662728,0.2088686069492347,0.8414656354122276
14513.680389935267,9215.117903233753,4996.397215858848,6715.803171559877,5192.446073953246,0.35718557650255073,0.2267865291486004,0.12296267879922919,0.16527772164355703,0.1277874939060628,0.6800223500554389,0.011795893334907798,0.0014664345018513686,339.17248666949274,0.7825412193067054,1.1597901421423742,1.1597901421423742,0.08042461928593404,0.8949837644162424
17227.227572751348,3155.808452480273,7810.642079283043,15818.414664627748,31457.01266647273,0.22826860704541396,0.041815898496008856,0.10349456289695293,0.20960119473156988,0.41681973683005435,0.6382023161889588,0.06913593929173169,0.0047888463298904945,123.77928388943371,0.6413491250061756,1.8808054229215023,1.8808054229215023,0.1642549401455603,0.9028709564366156
6059.812527447492,4574.030940557264,2774.6974006541027,8721.366895866915,15999.589325739356,0.15892715587362485,0.11996043193879584,0.07277036447885678,0.22873018427755695,0.4196118634311655,0.6421098382826886,0.056426569639482976,0.004779351010963475,108.7346363206189,0.6678231495963058,1.8924400729990634,1.8924400729990634,0.19658799892145504,0.845876387394454
15587.563260042369,3349.7211003784814,3600.7174616235234,6318.775825798477,12698.568950800032,0.37510367584207394,0.08060866710441243,0.08664871686429675,0.1520568673587922,0.30558207283042477,0.637271434684522,0.0643249353572303,0.002632404990516892,166.80002130233675,0.6642855340569814,1.6214314546214397,1.6214314546214397,0.16843926699550846,0.958284139015336
7940.068434925533,7777.014834044332,6041.607699083561,10651.677120555301,20098.873372133003,0.1512127811037203,0.14810754483777447,0.11505798848000001,0.2028533801715451,0.3827683054069601,0.6386743718665095,0.061250873161258323,0.003927337415708184,108.03198379973159,0.7088858287842684,1.8530641405956818,1.8530641405956818,0.1723445705597855,0.8278956443062783
12749.805362246672,6674.925759107113,4475.501144556167,7848.217234390828,14258.631517452672,0.27712702219309915,0.14508474807457047,0.0972785285558355,0.17058715877589184,0.309922542400603,0.6406085558192915,0.05976772094049596,0.004042488979286346,211.49892588076202,0.7232770312882645,1.6058768020273342,1.6058768020273342,0.1431296032089495,0.9351062631213202
8871.485130070932,4624.755753128134,3803.8700243892104,7766.774732821238,11238.756653973009,0.24435554832323111,0.1273839398192856,0.1047735223507607,0.21392748459990668,0.3095595049068159,0.6457970505274119,0.048424072029585985,0.0034052487948494064,156.9299571053727,0.7288728648368493,1.7259656945735475,1.7259656945735475,0.17890747132649065,0.8509387328742932
4111.300058874544,4843.131252104745,4010.2316853316324,9477.120272940349,12012.529979845507,0.11932613571922879,0.14056676205066163,0.11639273307636631,0.27506339204682284,0.3486509771069205,0.6035796041413188,0.21095984964852785,0.005779701298928316,127.12017061303723,0.7051231229735998,1.987187605504514,1.987187605504514,0.22180746721179928,0.7590481394877185
8634.977171572356,4033.0687701072875,4865.216011205371,7263.5779179313795,11828.454954718107,0.23576539691230564,0.11011703221281659,0.1328375931000951,0.19832135010875987,0.32295862766602274,0.6421098382826886,0.0546368689523226,0.003457570357318222,145.16657278911637,0.728583753881258,1.7472491247034032,1.7472491247034032,0.18284698816077888,0.8111901547461713
12108.204456026666,5376.461011346784,4192.64130198813,8998.852375581011,9531.828925210846,0.30113927697403586,0.1337162407123214,0.1042738396826263,0.22380757674022736,0.2370630658907891,0.6540810848502313,0.03700406842447404,0.0023937875484902975,165.0383815082757,0.7463675793278914,1.5711388553385615,1.5711388553385615,0.1673528144199878,0.9368668098064948
9649.646763747534,6242.6519526672655,4488.722424612798,8623.64182188044,10555.450596918647,0.24392363659812027,0.15780166917939997,0.11346586297899554,0.21798829795670133,0.2668205332867829,0.6457970505274119,0.04386189032184442,0.002910537940166838,165.67108007982765,0.75462029077133,1.673393965508903,1.673393965508903,0.17367489515489096,0.9634707565928798
8882.961773517129,14383.107471469577,10111.623477420408,17124.858069194273,20801.754597818875,0.12457819657598311,0.2017144321498946,0.14180943804440616,0.24016583536812863,0.29173209786158755,0.6359070643214358,0.06142986743447766,0.002157409129835066,254.08379411545542,0.7468261007409138,1.5637475771222558,1.5637475771222558,0.12616817517061574,0.8909203246643775
27970.24030070205,6310.2956989101895,6449.16617969216,14003.659342317536,30464.934887939242,0.32829576974455976,0.07406598447198565,0.0756959522839522,0.16436548537308557,0.3575768081264168,0.6377346960435631,0.05303742875511275,0.003159891173771602,110.35802353030098,0.6527807821866874,1.6927786691536657,1.6927786691536657,0.19411256561835594,0.965734457442939
18495.3960310699,6816.935960543012,4536.684330819341,6546.2290686095885,13878.541224842924,0.36789343465180724,0.13559623054908496,0.09023955894712549,0.1302115776284337,0.27605919822354874,0.6337136569772641,0.06614934736497784,0.00205032616782747,196.1228912455935,0.6967099444497815,1.5128748494327666,1.5128748494327666,0.13300635928527907,1.043719792850851
9386.266598333019,3670.5302499118825,5415.893801584134,9863.057127785089,13549.874076467248,0.22409280757564815,0.0876322252705011,0.12930197910041066,0.23547596266197068,0.3234970253914694,0.6436572808543757,0.04932734372296186,0.0034107101880194663,100.475185124158,0.716745843123846,1.8016796354511484,1.8016796354511484,0.1899266067760441,0.8371832284976607
5733.212713341192,1426.0795477841727,3851.20496775766,10158.153570571998,13984.627091551403,0.16309183829505616,0.04056747004378273,0.10955464749826213,0.28896746420255875,0.39781857996034037,0.6497725315895624,0.039118252537971195,0.004606683441943878,96.88588774009811,0.6379652839424019,1.8708346696661455,1.8708346696661455,0.1988074499270523,0.8277270659285981
29599.60310449247,5932.458673946439,5299.267900317818,8241.433708989269,8233.638955543001,0.5165147678819311,0.1035217433195084,0.09247252808810115,0.14381348980205874,0.14367747090840052,0.6832257655429224,0.012434410298012372,0.0012289210252660265,684.853490390064,0.6679797953078388,0.842119141008826,0.842119141008826,0.05059747188499933,0.9483782518432957
16929.68442604348,6676.502347134807,5826.376255019661,10049.407931787355,12887.280861203135,0.3232752777116014,0.12748897711831572,0.11125567107419179,0.19189519770304214,0.24608487639284893,0.6426203946153349,0.05142287614805144,0.0023727641453773277,274.1425407864125,0.7386069317863068,1.4855164533811964,1.4855164533811964,0.11836873796815238,0.9187460180895362
6635.858052709237,4794.992005683586,3680.3512260312045,7600.517774942209,13015.033207281238,0.1857391907101533,0.13421292732952741,0.10301387594827581,0.21274023785357152,0.364293768158472,0.6447158798612393,0.0537853680444855,0.003975836873224313,105.17859677054832,0.7118093739561077,1.8439468295850527,1.8439468295850527,0.1927182418141024,0.8368995395396228
11246.857226527594,5786.5730067629465,5256.815977003785,8312.936182711675,15082.89282240941,0.2461769187547254,0.12665944665805826,0.11506385593897607,0.18195776598263622,0.33014201266560395,0.6368124572878892,0.05872525524536237,0.003093650007567265,156.96340961446685,0.7242461984297937,1.6942577457834251,1.6942577457834251,0.1665400591025799,0.9293158476559934
4469.733641369622,4541.824210328161,4329.527719407753,9305.38225560266,13205.434315390461,0.12467214776091591,0.12668293560343563,0.12076145087777246,0.2595505872664962,0.3683328784913797,0.6421098382826886,0.049509842497304814,0.004616495883067977,75.909244371526,0.7000434256151062,1.9106212093166266,1.9106212093166266,0.1911151779818173,0.8095797733904341
7188.581097730643,4301.241043761505,4812.076547037649,9897.960567102893,13716.274843965166,0.18009211713223167,0.10775695444426417,0.12055467433370833,0.24796891759121065,0.3436273364985853,0.6436572808543757,0.05465181433004341,0.003898384720584133,144.77856569995708,0.7143060435035985,1.8365575965204375,1.8365575965204375,0.18386422051269416,0.8622808158915471
15934.70179763439,5708.8015324911,4565.683469983193,7134.452550333265,7851.555203951234,0.3868097230756995,0.1385793074712472,0.11083048688979416,0.17318652399888776,0.19059395856437145,0.6954316966073145,0.0103839998841093,0.0011165301370963782,455.6523749056712,0.7386051498919237,1.0105910429856062,1.0105910429856062,0.09234869752721389,0.8457716287519704
7034.121536943696,2428.9372867880293,3919.3895870128936,6018.90318670586,10782.412942225048,0.23304321525890465,0.08047164837889172,0.12985091975061594,0.1994086317097464,0.35722558490184136,0.6469017022093453,0.04801045404882754,0.0036319520939417592,117.81503090293916,0.7013697807198236,1.7814667685959997,1.7814667685959997,0.18917674775664986,0.8126000805757503
24772.129472524,5804.862663961494,7046.8641677161095,22639.540178392694,41995.23823141981,0.24224975760535053,0.05676647923371857,0.06891216753894688,0.22139489972371051,0.4106766958982736,0.595731012385706,0.24188334741864898,0.006736626963827919,102.44773623188078,0.6365365636138749,2.0312528268021497,2.0312528268021497,0.17853035467635092,0.8892854928457715
6995.353948747959,2611.261101984239,4460.7510511335095,7317.468155003047,12047.603802559313,0.20923852266811407,0.07810561399508385,0.1334258376013221,0.21887330328694038,0.36035672244853967,0.6469017022093453,0.04878652995026703,0.0041944697364873895,105.59637723302336,0.7006959458293692,1.8509112912812467,1.8509112912812467,0.19461367140152244,0.7590110087880677
11084.746841031354,6157.858071273974,6304.8394736537775,11162.514151368272,20568.63809821979,0.20052511307610252,0.11139678729315163,0.11405570794826259,0.20193193805123058,0.37209045363125287,0.6406085558192915,0.057492095435830774,0.004870307659638124,158.96708172075802,0.7066833907315446,1.8144495601627892,1.8144495601627892,0.16850472853342663,0.8893296125562613
37418.91382986038,8358.08828581424,6606.677030599259,15232.831840313818,16707.24082689868,0.4437529524614411,0.09911902762938357,0.07834894544555375,0.18064698869195173,0.1981320857716698,0.6832257655429224,0.012951325103657674,0.0014172161001934625,607.8186064899729,0.6824107941518208,0.8604974435860141,0.8604974435860141,0.05450260702864903,0.919598063535511
31304.628223336873,8457.889251577055,6531.446082419715,12898.448709307706,14767.580726008624,0.4232643481516808,0.11435762645918025,0.0883105286809424,0.17439764644906786,0.19966985025912865,0.686622061693755,0.01145032399325861,0.0009171345372576735,519.591471263383,0.7025884468468729,0.9510522501827847,0.9510522501827847,0.04543488940180166,0.8947113850207111
25845.829843216772,5656.226136126379,6792.006890115074,8562.947396326428,15954.752078797108,0.41148073033563387,0.09005042885274646,0.10813272286255096,0.1363271316819704,0.2540089862670982,0.6421098382826886,0.058657448055729436,0.0018860588683437167,237.80841002036718,0.6799683922118495,1.4389945749503608,1.4389945749503608,0.12385994692483311,0.9860939532000339
1680.9079708846375,2845.7651094869134,3456.252144905327,8773.963264232594,16315.047253351695,0.05082581146606982,0.0860477333898181,0.10450710148260328,0.2652993563017103,0.4933199973597984,0.6042623553429823,0.22367142743627763,0.010297804818724308,72.690407402942,0.5906064841285685,2.215770764849751,2.215770764849751,0.14019554892418437,0.7137857259346361
21385.86132973538,6258.873055026206,5272.701885864831,8535.155688867271,14152.323698484759,0.38460379045043724,0.11255970773382792,0.09482438420187189,0.15349642361417032,0.2545156939996926,0.6426203946153349,0.049608752694664825,0.002382347514127362,274.00526098555594,0.6986356295995026,1.4719415951975146,1.4719415951975146,0.12617474351910377,1.074224380679075
12655.41032737176,4834.292497178629,5874.320015389513,8051.027631522929,18764.978896906,0.2522001379168013,0.09633897305420755,0.11706489791519357,0.16044286408086328,0.37395312703293415,0.6359070643214358,0.06903910711421685,0.004165046929245509,180.9720633360255,0.6943568176427805,1.7184596556597957,1.7184596556597957,0.17232287143986266,1.011025568947695
5148.9625745931735,4158.406579375714,4192.276970777184,11068.038193900493,15094.234960280868,0.12982131647191472,0.10484632753476192,0.10570030515403124,0.27905957137533166,0.3805724794639605,0.6515753061234332,0.039848129346957695,0.004427078330746772,105.3816549960804,0.6804827120907438,1.8595712757532796,1.8595712757532796,0.19128363023209194,0.7500939722082582
17040.439342895057,5485.628031507127,3716.075554056265,8650.354026870918,15803.649915274627,0.3361288854237541,0.10820601505492229,0.0733009465895133,0.17063139036877772,0.31173276256303273,0.6401179497704479,0.055896784655228016,0.0026810939917062226,191.3281063601383,0.6836892347600046,1.6163568152214198,1.6163568152214198,0.14744612375026478,0.8930295493251992
10753.061135622953,4368.685833115498,3828.941189386262,10778.014624763882,15547.907157828742,0.23749704648166922,0.09648880158730105,0.08456775351334085,0.2380481807024866,0.34339821771520224,0.6452535881295922,0.04970178123384082,0.004066293808608871,184.99083182292904,0.6944126472966627,1.6873015058156016,1.6873015058156016,0.16309756462883343,0.9583028396954603
25746.739000299625,4608.5085295387435,3918.2795767131697,10505.829776012017,17635.194090528392,0.41251180372024965,0.07383708538615547,0.06277830274549938,0.1683234055555614,0.28254940259253397,0.6386743718665095,0.060590529480804886,0.0024781252328239787,284.76253647729146,0.6408426758366375,1.4401214444400583,1.4401214444400583,0.12790186942286094,1.0987750516735382
16580.320902944943,3532.5444757549576,6269.12763220649,13078.27947082335,15929.443448923133,0.299339338076824,0.06377617968248209,0.11318215894183944,0.2361138570776779,0.2875884662211767,0.6469017022093453,0.04879743666521344,0.002926169376111495,146.84462704611153,0.6983836966282984,1.6920941993770355,1.6920941993770355,0.1667512791481969,0.9738226855661795
5038.827208786074,3023.449973621452,2247.0883167810753,8328.688348903632,13464.262948367981,0.15696148165049834,0.09418167519781111,0.06999769926352643,0.259441971173308,0.4194171727148561,0.6469017022093453,0.047163837123332664,0.004841931458431016,71.84229178436489,0.6519980875251284,1.9167244911702181,1.9167244911702181,0.21467311617985854,0.8213169916076654
9510.732846466562,5880.414239999968,4345.681400412325,9826.645071226696,13638.200363686368,0.22014732261726389,0.1361154257736701,0.1005905791585604,0.22745982225170003,0.3156868501988055,0.6457970505274119,0.0430816253556362,0.003218941642832799,115.29509837652485,0.7285006971460914,1.7343711985487862,1.7343711985487862,0.17331705512824097,0.9577751318457353
9544.384022018827,4352.229315314555,3890.14664756895,10036.581483860567,13227.701406830603,0.23250040324050691,0.10601994518151768,0.09476364971672374,0.24449029259199942,0.3222257092692523,0.6431361754494215,0.049723331497275626,0.003908608648074603,149.94099045714088,0.7112985550411297,1.7848571673612508,1.7848571673612508,0.1941340029639713,0.9158915349687027
22554.796337493808,5296.64007200892,5020.808784405334,8148.489681182806,5874.902726707051,0.4809572380487068,0.11294526192359208,0.10706345069957729,0.1737579463227173,0.1252761030054065,0.6927744453573927,0.009944371468101109,0.0009865927504450443,541.7996762113318,0.7093621663836412,0.9433317071158734,0.9433317071158734,0.08231179460590697,0.7869996406059052
17080.23548266706,4506.932930558558,4316.764653291506,9647.146017855848,15163.816769500352,0.33678932382866295,0.08886803087488432,0.0851182789713215,0.19022312587710957,0.29900124044802157,0.6406085558192915,0.0570056139407433,0.0027160035002356357,152.8406891733969,0.6878392244669773,1.6408159365227029,1.6408159365227029,0.19074746141342405,0.8785572762505398
9659.715649876129,4085.391986867935,2912.391595456511,9846.11085725229,15288.255767538603,0.23113865465904126,0.09775567333719509,0.06968800113932433,0.2355987380641228,0.36581893280031647,0.6474631323727743,0.047549277997551744,0.0035516106166412847,97.41501803020772,0.6785502222334558,1.7973268982689612,1.7973268982689612,0.19674776509421948,0.9635789088863007
9243.154598241073,5558.971080644565,3272.219945349463,11618.00062808633,14578.586915707758,0.20878608009365687,0.12556706359781558,0.07391350737807663,0.262429540032294,0.3293038088981568,0.6421098382826886,0.05359272607594413,0.0034454996417694786,119.50292954534828,0.7028530392558601,1.7916802303091979,1.7916802303091979,0.17696722853662608,0.9861390828516192
3218.6412194819545,3094.923439340326,3334.0661423053907,8153.818952661139,17361.30421076814,0.09153552712982188,0.08801709452166119,0.09481811764988698,0.23188795055358732,0.49374131014504263,0.6015916027167866,0.1981313925730458,0.009428127540357692,75.23130612599935,0.6182542256968175,2.1903756676578303,2.1903756676578303,0.16238780875682546,0.7360687679250121
2191.9639360838237,3122.68059021902,2800.1998654181816,10499.133107094523,14029.169010173367,0.06714928462794555,0.09566113944803482,0.08578216761815816,0.3216336116435156,0.42977379666234583,0.6469017022093453,0.04494267347633592,0.005835298396856281,70.13344064045964,0.6097714735658636,1.980300704592912,1.980300704592912,0.23138385766447442,0.736108669014548
8843.377788357835,4186.70562216188,6171.55060310783,13335.017633739772,22208.400068312007,0.16153748167571896,0.07647642099062592,0.11273257417236597,0.2435839809412499,0.4056695422200393,0.639632106805599,0.050538675967325725,0.005497298630033478,128.18122249950693,0.6717667481413173,1.8819608065552471,1.8819608065552471,0.19194335447614919,0.9308736642731065
10221.259132551819,4658.6548575128745,4019.2187301359527,9209.462217626624,12727.300342359,0.25030084592050594,0.11408234901055962,0.09842367119807198,0.22552370051979956,0.31166943335106295,0.6497725315895624,0.0410680636208787,0.0030906019764728758,130.608343297445,0.7197640096542361,1.7181049378618403,1.7181049378618403,0.16091888165107104,0.9258193713796685
14762.240139196521,5583.859842714389,4250.1335526459825,10350.44191924931,16050.246506728257,0.2894731597844422,0.10949405626942801,0.08334098195053968,0.20296209107011046,0.3147297109254797,0.6426203946153349,0.0513823331856826,0.003207268401756622,133.49294239959207,0.703229303054046,1.7382898486486653,1.7382898486486653,0.18123070354864523,0.9631269585293846
9702.905758656467,10487.858934270642,7865.428566886159,14701.62981450375,17930.42100005578,0.15988114183639354,0.17281533012255032,0.129603825038127,0.24224839651789992,0.2954513064850293,0.6406085558192915,0.058093804957981054,0.00290113529409293,174.04065932740082,0.7485660433834145,1.7454104409286744,1.7454104409286744,0.16599616928945377,0.849407718736041
26411.659978830336,4439.401748474571,3571.6992033661886,7482.782529893698,14958.329691387558,0.4644717025914286,0.07807068886446666,0.06281139509828762,0.13159115120241832,0.2630550622433988,0.6436572808543757,0.05318997012145342,0.001508356134159933,272.93263475981365,0.6188406904199558,1.2709063075571672,1.2709063075571672,0.18979357241947545,0.779944789950817
34828.15682561416,5842.521744296664,6365.919287769882,15551.989213642846,16209.695726410464,0.4419913174378935,0.07414529272539777,0.08078753827809235,0.1973645701590095,0.20571128139960687,0.6843353904183089,0.013589914135300913,0.0010611183487320931,562.5982287774718,0.6693618903563637,0.9403479829798264,0.9403479829798264,0.074963802565428,0.9255478826597862
23449.095905062073,6913.56272639465,4654.972074040873,8732.29068249532,10339.247849841915,0.4335266419410943,0.12781787599648844,0.08606107543587056,0.1614424995898656,0.1911519070366811,0.6927744453573927,0.013450053773050419,0.0012573056648246476,433.59351677510494,0.7025882879087152,1.0703154328083055,1.0703154328083055,0.07462360395124455,0.8864888562641313
11248.86080540513,10467.759409216416,4713.9351322062375,10208.723721688271,15246.010499693048,0.21680250604783127,0.20174811582106253,0.09085301771341635,0.19675564705614193,0.29384071336154804,0.6447158798612393,0.04626138856339012,0.003042994786314075,201.25457812394006,0.740744408512166,1.6610980925728072,1.6610980925728072,0.15850262053299682,0.7752060504811445
13787.256644247904,5309.579016886693,4681.854924482879,10624.140127384619,19015.846701887236,0.25809805318027207,0.09939555364968208,0.08764453092164934,0.19888437231175932,0.3559774899366372,0.6457970505274119,0.0543023649910525,0.0036470361803132645,194.20024857689526,0.691927027720577,1.6782219956029132,1.6782219956029132,0.16236733524329985,0.8858796747596414
8706.620682477458,3795.1295728108607,3445.0626552158174,8128.599796110098,13973.27196018413,0.22882842754548455,0.09974404124730561,0.09054354139663627,0.21363681470973925,0.3672471751008344,0.6431361754494215,0.053935023782439716,0.0031317016913147244,114.74460055237235,0.6925519902660632,1.7370712129390646,1.7370712129390646,0.1749325607382391,0.9037080739619548
11210.207078490786,6652.341138253489,5495.807657492924,9817.543312555472,14277.931090604941,0.23623397759380108,0.14018554665379704,0.11581378416381685,0.206886214561938,0.3008804770266471,0.6426203946153349,0.04878355185184983,0.0030400346831181676,150.3647743461857,0.7405938347528901,1.6872253431682183,1.6872253431682183,0.1675245122543645,0.9295403658066659
10195.195454342633,2494.310721577613,1659.153582037552,5907.137533738457,10509.46782754009,0.33138656256753557,0.08107554776175215,0.05392944203819479,0.19200671636809494,0.34160173126442267,0.6441838137198849,0.05638467830401777,0.0034419092264813553,165.18779256018226,0.6486929316442943,1.705756474333641,1.705756474333641,0.174783391474664,0.9624070131172178
9964.714951302849,5948.940965093032,4629.026336177195,9744.851652180316,13008.941288864116,0.2301507202778434,0.13740012179952207,0.10691462331463825,0.22507263255501317,0.3004619020529831,0.6416044091016299,0.04643229342174472,0.0028006333916689797,130.97940430144888,0.7365960775796903,1.6765082154811932,1.6765082154811932,0.15502598391828606,0.9335947984224711
9402.253176036369,3683.437081240262,3600.5464493382797,6837.674355336083,10971.9122791281,0.272562074633533,0.10677921917735092,0.10437630126226313,0.19821745629110668,0.3180649486357463,0.6363576908888365,0.060575606412432634,0.004452710272542139,172.97874657695772,0.7144249212559304,1.7839696114120154,1.7839696114120154,0.17751164700163433,0.762851175855739
12261.993870408302,3668.5927288692583,5940.87677731339,6622.807880023573,14535.713214457612,0.2849639390098247,0.08525665937285085,0.13806365143606494,0.15391146340003686,0.33780428678122276,0.6312046853553646,0.07404817980453328,0.0032999096919962014,147.46658164741737,0.7015177248532509,1.7420906816187558,1.7420906816187558,0.16491910007269123,0.8533643710607798
15396.849316565986,4935.240389798157,5122.2992322104365,6925.197825502874,9306.099195067014,0.3693557863400932,0.11839172790955423,0.12287909181177269,0.1661289161054027,0.22324447783317722,0.6521904911481936,0.045836337709427015,0.002307754234662746,234.44172346760539,0.730887613007954,1.5249403293225134,1.5249403293225134,0.14233984966343574,0.9787396362026095
21493.881012131973,5149.47816162393,3819.9090613846056,7658.330537729512,11423.022474935833,0.4338287481223576,0.10393616969777483,0.0771003787127301,0.15457440878244016,0.23056029468469733,0.6401179497704479,0.05147612853908297,0.001790379456454453,259.67625513059284,0.6733939607351145,1.399814348012009,1.399814348012009,0.1274206392609289,0.9554941491597889
28118.116067508905,7143.174939647269,6029.376319166885,8660.798354441256,12730.139420137255,0.44858640780250975,0.11395966852074958,0.09619052207519432,0.1381712918885781,0.20309210971296832,0.6368124572878892,0.06318642674231426,0.0014412759619912183,266.76034149825523,0.687085340085156,1.2302815933481148,1.2302815933481148,0.1512884513527462,0.8735929483710406
28786.469273747607,6186.697269221896,6707.345857849137,10533.919689126029,11209.294202646537,0.4538754021002748,0.09754547124337899,0.10575452200500321,0.1660879974243415,0.17673660722700146,0.6363576908888365,0.06311620739273158,0.0013345320820099481,290.0040992771696,0.6967159399510107,1.2804513363580685,1.2804513363580685,0.11218944812687846,0.9949777892124142
5313.3774256990355,4146.301717930039,3689.2019633508376,7470.950289653676,12148.987760393473,0.162147357225096,0.12653192347460257,0.11258269471573902,0.2279896096912476,0.3707484148933149,0.6447158798612393,0.05103348902425453,0.003775266669644705,93.76596843065214,0.7080245854870305,1.8231444545245035,1.8231444545245035,0.19241964790523497,0.8938082710914746
29312.118067131632,4210.268926967844,2395.1682644674756,8098.579340536257,14424.299270080624,0.5015725607504118,0.07204376573234095,0.040984778960213526,0.13857835755744982,0.2468205369995839,0.6377346960435631,0.06182789224875854,0.001292984766742261,316.0069760391734,0.5843043470709168,1.2037340641767293,1.2037340641767293,0.12297234992522935,1.0507789975246713
12707.511676024362,4906.106437334096,3318.889890125296,7636.5467136056095,10913.725305694526,0.32184946624050736,0.12425939699542392,0.08405917435930553,0.19341461541459018,0.27641734699017306,0.6441838137198849,0.05291567133728604,0.003410559683031898,241.71539543027163,0.7144822691441849,1.5577089862317905,1.5577089862317905,0.14842618227254215,0.9753692675404989
6873.851610516911,3825.6564886569795,5320.087345637074,7352.086397582936,9629.791525758737,0.20828923405433084,0.11592380879421119,0.1612075705314148,0.22278055029742727,0.29179883632261583,0.6486048308749939,0.04330071356171784,0.003517749680054934,133.79027791254657,0.7488944631347366,1.75472581578245,1.75472581578245,0.18457365244194127,0.9095788807894242
20555.04185118966,4380.421395321255,3666.1802903930416,8399.823226796838,11416.323523698975,0.4245349019271311,0.09047131992847708,0.07571969453027945,0.17348629867114787,0.23578778494296457,0.6480307986965479,0.04759922036358,0.0015049474327543761,228.8024323997976,0.6712914863347283,1.3130336061915833,1.3130336061915833,0.19528733391156988,0.8472983455523526
9215.038657010893,3635.9746306439583,2467.965964959395,8645.022236079249,11081.116696661933,0.262947855055648,0.10375124465019926,0.07042253223134236,0.2466826389443255,0.31619572911848487,0.6411040123456083,0.057415948547144414,0.0037863704423468252,176.26837152288888,0.69492520879511,1.7625447022228415,1.7625447022228415,0.17541465465467193,0.8353862632172125
17698.36882401957,3331.8379665936322,3029.7211104856565,8233.598641540522,14459.31265468316,0.37855174419082394,0.0712649332916757,0.06480293309457799,0.1761090616719604,0.30927132775096194,0.6416044091016299,0.05461706189593719,0.0023568674880500755,216.10771646630275,0.6456471247996922,1.5200448840311147,1.5200448840311147,0.13618491976444833,0.9210393486431939
5889.94870672266,2783.727153425404,3197.137548808903,7445.544182992432,10460.319736155147,0.19780409485659656,0.09348682939845673,0.1073705273956575,0.2500461720745786,0.3512923762747106,0.6401179497704479,0.0604471324523551,0.0041839329049591836,99.99266934899305,0.7010400176252259,1.8792923362933305,1.8792923362933305,0.2110717219209922,0.7679815965146023
20112.6203104464,6839.505637561534,3495.451768636078,7590.787323697621,13723.493940657972,0.3885606256496546,0.1321340804253598,0.06752948671953929,0.14664827487134874,0.2651275323340976,0.6416044091016299,0.05138538648612993,0.0015927669097136833,238.97097992846096,0.682392368591042,1.3532609466738597,1.3532609466738597,0.10631217739300192,0.9737277329891055
11062.07572267557,3910.5387270274114,3782.025794597735,8500.19071211235,9060.858832076854,0.304608718355713,0.10768179676066175,0.10414302513941039,0.23406386500213036,0.24950259474208442,0.6547268691835868,0.0382764893712229,0.002607384684369615,115.19288266841973,0.731648338847471,1.62142063738205,1.62142063738205,0.1722964185940217,0.7836445098562826
26501.910941551145,11331.375505184813,8049.200904628969,15330.765604599963,19597.892052726045,0.32794871225622363,0.14022045478957348,0.09960508422153043,0.1897110306128096,0.2425147181198629,0.637271434684522,0.06117966136281263,0.0014923740921585532,391.2659595782656,0.7370207175917152,1.276273342282052,1.276273342282052,0.07826283620698962,0.9329479350418167
8998.487367372938,2173.0981491632756,3453.9675296991654,6005.2818731538355,11879.217073228816,0.2767909251395907,0.06684388415179143,0.10624306385248011,0.1847207711177281,0.3654013557384097,0.6463463823294227,0.04786661403644225,0.0037581442831009235,169.4705022899499,0.6751124266323143,1.7336112757049749,1.7336112757049749,0.17384431849615997,0.8453924646570484
15232.224331202407,4479.507337763653,3558.162559434447,7065.16930928095,4732.387170431309,0.43436930896372433,0.12773974860759782,0.10146624540948666,0.20147370757254507,0.1349509894466461,0.6968072388446187,0.011673275238046092,0.0012645976603343446,402.5122699039201,0.733174643481678,1.0442122654217068,1.0442122654217068,0.0694681643549155,0.9243268939203657
26017.448489681028,4605.883303408245,4460.48198611302,9214.730880074138,15305.5115535176,0.43650466332015125,0.07727466209622813,0.07483520870104099,0.1545990569362659,0.2567864089463137,0.6431361754494215,0.049754030473862135,0.002829230587724929,315.07975162949805,0.6476350272559788,1.2682671022147864,1.2682671022147864,0.15032593105546344,1.0534012058113915
11787.930791303665,3423.4700350723274,4025.7415415878772,8332.174586038727,10952.67763187581,0.3060052034695251,0.08887052895042255,0.10450501291186139,0.21629655150549187,0.28432270316269914,0.6491853625734599,0.049038303158247025,0.0029472262257139894,173.03047842387366,0.7112260570603711,1.6640151631433262,1.6640151631433262,0.16695797724981945,0.9014858861914763
14689.599313904153,7055.095768544392,3806.5972025391675,13051.268897069478,14716.482365800768,0.27550380382797196,0.13231849821559344,0.07139282607578008,0.24477687573962117,0.27600799614103333,0.6497725315895624,0.04536655386270161,0.0025431774199504995,225.84669073505728,0.7180973939500925,1.5862333169213354,1.5862333169213354,0.1436594914327373,0.9673956713894892
25784.8618460175,5802.726534777083,4074.040755733339,10256.420586611252,17923.350772040354,0.40388935151829003,0.09089284523473494,0.06381502793067577,0.16065469283346445,0.28074808248283484,0.6401179497704479,0.056050668303055655,0.002072821525446343,369.3234282323665,0.6545766520720053,1.2973987490943795,1.2973987490943795,0.10559720979678024,0.9897636583014899
20249.754650957715,5471.426577019769,4543.1774896784345,8381.962895683244,11496.190554025225,0.40384403923298867,0.10911752005478668,0.09060530263251138,0.16716280324579957,0.22927033483391368,0.6486048308749939,0.0457459664269104,0.0020204266163914805,213.56519281936386,0.6986857672106203,1.4723527382427388,1.4723527382427388,0.15017575777627679,0.9850888518124545
22044.99294116658,9398.854578709557,4889.522457916132,11576.23531332755,15694.352259315876,0.34659781859777633,0.14777153719179498,0.07687450036483835,0.1820049531375151,0.24675119070807516,0.6426203946153349,0.05958738140610442,0.0016622088325111662,376.0136895298381,0.7189574046297025,1.2949691758333706,1.2949691758333706,0.0957256923679338,0.9704401272302311
17977.62147795224,4985.712179998238,5014.499381479303,8441.503708631775,13901.53136763755,0.3572597642118893,0.09907842147188226,0.09965049430287709,0.16775353893384432,0.27625778107950705,0.6463463823294227,0.04846671996616497,0.0023877971638884424,192.59674863836676,0.6996633363974792,1.5526437564133062,1.5526437564133062,0.1602457172038543,0.9817457195955115
18118.023166428153,3866.0278679093917,3924.5554526409624,7627.742259816532,14895.886637261714,0.374090169961314,0.07982344480391333,0.08103188757487899,0.15749308697668504,0.3075614106832088,0.6386743718665095,0.056383587684243924,0.0021570219263146247,227.6733907057799,0.6613166919730888,1.4867144361899025,1.4867144361899025,0.1298548022285903,0.8842951275461255
15279.87108149188,5482.782899894634,3068.6456884167874,7709.185226417552,13377.855806634812,0.3401699805113341,0.12206111833392073,0.06831609628495693,0.17162666976982618,0.297826135099962,0.6463463823294227,0.05135965785625868,0.0024525187298545473,267.0725679380705,0.6892754445663727,1.4939168609820337,1.4939168609820337,0.13036697235902786,0.8969585574471931
10285.775460081244,6723.120481367065,4842.382091895726,9748.118100968091,11294.2325063388,0.23979727959721414,0.1567393735254066,0.11289280588647911,0.22726261241814488,0.26330792857275515,0.639632106805599,0.05787678827813365,0.0030331756187320148,212.53355395416324,0.7554590748744944,1.6385316953954754,1.6385316953954754,0.16119642689259675,0.8981054001029511
6257.950184560588,1939.9367107686649,3152.0265751124307,7376.7195201179475,9847.72590068807,0.21900579496386857,0.06789082191316866,0.11030961664297895,0.2581587061390704,0.34463506034091357,0.6436572808543757,0.05484801549080864,0.004688901961794733,138.47906222784653,0.688425610030863,1.865357722824299,1.865357722824299,0.19197938136222464,0.8660432246060403
8063.249900883768,4607.379854912721,5148.648768031373,6865.128107850434,11907.591646180568,0.220355549856994,0.1259122232113943,0.14070422524988815,0.1876128233205672,0.3254151783611563,0.6377346960435631,0.06035834167441401,0.003529287086035567,160.4224278850573,0.7357122303817959,1.761540832561984,1.761540832561984,0.1884950728841119,0.9156516016385253
18519.529843677607,2800.0094986162626,2996.884691006285,7648.402272490201,9955.11769328774,0.44178326774684834,0.06679420894927342,0.07149066542341259,0.1824525880248887,0.23747926985557694,0.6497725315895624,0.04459336718205619,0.0020159512705690496,209.43878441342721,0.6466040264547733,1.4495018999856077,1.4495018999856077,0.16745694996169952,0.8821827586499926
1422.278719283811,6446.5536739954405,3829.5763159266903,8938.948043063601,15095.914874348628,0.039802644833235395,0.1804075971927888,0.10717116406083538,0.2501575600596522,0.42246103385348815,0.5976653179110577,0.22312935624239094,0.007094370003082469,110.39470897045618,0.6357834679589106,2.055494379043957,2.055494379043957,0.19356856004591777,0.7052169098587249
17503.540473236157,3202.9406113082805,5166.18292723375,8087.318233682625,16849.2287972454,0.3444954195121051,0.06303858189445496,0.1016780780731168,0.15917031710815316,0.33161760341217006,0.6416044091016299,0.052861336195095664,0.003213117982551785,188.18348310639632,0.6625354005187276,1.6378248378988849,1.6378248378988849,0.16103582929086688,0.9789160275818909
27249.48229958562,6457.549823881626,3449.7556012595296,7899.5999159207595,13673.227350779964,0.46398196725047675,0.10995389336068705,0.0587396256856626,0.1345079465798274,0.23281656712334628,0.6411040123456083,0.059670871105096474,0.001650059326996225,300.61825885487565,0.6433222388781901,1.3407712563882013,1.3407712563882013,0.10994298233038975,1.025270008038703
44473.4842228805,10778.715774036113,4734.155684661015,7730.137691765978,11333.087004057395,0.562602407382225,0.1363538645312983,0.05988843535992297,0.09778847218240136,0.14336682054415234,0.6810699774387984,0.011118514226213082,0.0009973666767653419,905.1097523259787,0.6158917651918788,0.6636620487520475,0.6636620487520475,0.026061052169768457,1.0707439362292108
12615.365192069525,5345.930478270772,4120.854661946781,6101.754758360247,10482.475700816562,0.3262618567821722,0.13825784489897117,0.1065746154048251,0.15780516907616265,0.2711005138378688,0.6382023161889588,0.05893878809800238,0.0022761664175925166,186.9447220006338,0.7263247025448395,1.5636869847544057,1.5636869847544057,0.152928230650907,0.9450984053821903
13063.209185318748,4648.442830245091,2678.254247966426,7472.540037165612,12960.302501054974,0.31999827470605013,0.11386893256060511,0.06560690611435648,0.18304842903780946,0.3174774575811788,0.6382023161889588,0.057647911283862055,0.0030929876625871195,225.23645818581312,0.6844362989974156,1.5899899401433693,1.5899899401433693,0.14675805345394,0.9943564490420604
8970.614244471162,3713.1156983247956,2893.3151589366953,8073.859843891086,10859.165263820916,0.25994192970422003,0.10759513602231374,0.08383973551421108,0.2339566333794779,0.3146665653797771,0.6480307986965479,0.05024762744199894,0.003075866142641026,124.5714950183756,0.7069333669693388,1.714281360496571,1.714281360496571,0.1791365868955937,0.9276696201363003
2453.678732040697,2889.586677454896,3420.894301498075,7139.000709138351,13753.365247486528,0.08273655382092944,0.09743510449742217,0.11535047428813588,0.24072275994666847,0.4637551074468441,0.5998958914836929,0.22523528100142987,0.007924874900950014,94.79963437339447,0.6368799863950909,2.1281974077699575,2.1281974077699575,0.17842084508290532,0.6552235213462
13180.951058171197,5715.029535745538,2821.6527879240284,8389.123724041723,11709.683778811714,0.3152097782428857,0.13666943945574703,0.06747711493918221,0.2006178322821429,0.28002583508004225,0.6457970505274119,0.056257226259129406,0.0026534786187361052,244.38030760954794,0.708379238880264,1.5506111902676885,1.5506111902676885,0.1670010428974774,0.8312548317534978
10951.708833004828,10793.104527517868,4056.6749661180716,9734.901467464733,12540.574915162424,0.2277953464664885,0.22449637976910908,0.0843787662272293,0.20248577518014796,0.26084373235702507,0.6401179497704479,0.06082933941718172,0.0022029429414317705,194.62182132225328,0.748312242920809,1.5594550673879783,1.5594550673879783,0.1357840984789857,0.9501690474772719
7099.632283597524,4891.232397071927,7168.472157095092,12905.577695074378,23275.20254417387,0.12829087935823275,0.08838493041612393,0.12953482095311172,0.23320474145572603,0.4205846278168055,0.6421098382826886,0.05650785837463565,0.005433840692934136,68.30791873965356,0.6723580776126207,1.9829272309961257,1.9829272309961257,0.2048000233751635,0.6961964790147054
9148.523213234032,9034.397437821655,8570.362509134244,10816.379395298567,25633.68867558397,0.1447474387835367,0.14294174694616674,0.13559981143722682,0.17113616896284045,0.40557483387022936,0.6436572808543757,0.05620286533606591,0.004480306045615341,122.20169192182954,0.7026494812835697,1.8744596397682822,1.8744596397682822,0.1928508894864177,0.6601162469380002
27320.954227628827,9039.385628034206,6690.2994509757855,10705.778240300473,13826.633622062418,0.4042574840148696,0.13375225698866192,0.09899374673460173,0.15840921732771496,0.20458729493415168,0.6902338621909068,0.01150754701311729,0.0013109288403648925,649.4787528314374,0.7182873618980556,0.8643726175055074,0.8643726175055074,0.03670834032507908,0.9460236093689433
13157.578774546922,6633.014508301048,3779.489157346521,9900.960907948582,17152.006913151276,0.259912800722856,0.13102755511697317,0.07465945133369933,0.19558206897537964,0.33881812385109183,0.6391509418092486,0.06498485042627768,0.0031671719962734,127.74351736699707,0.7017208126267396,1.7435176664426761,1.7435176664426761,0.1749146584498106,0.9663141900643439
10769.9138807463,5186.342204958959,4917.6222366622405,9252.636414811497,15756.3698300816,0.23472617256568684,0.11303435374374078,0.10717770434536225,0.2016576878737404,0.3434040814714697,0.635017954667729,0.06412831728357318,0.003750387008775374,168.1595754156701,0.7138308947469089,1.764564395038978,1.764564395038978,0.1890102827746625,0.9052194501441375
8318.977709714442,4057.7601089819123,4146.593984692952,10290.293862826707,14215.514893137079,0.20275778620515192,0.0988994664197736,0.10106460745124445,0.25080451899646017,0.34647362092736983,0.6491853625734599,0.043415992244136566,0.003661620180601432,125.17330120143082,0.7026620421169546,1.7945415307952788,1.7945415307952788,0.19239738164648054,0.9581614976230046
16113.945110794604,8039.6725100324675,6899.176696725674,9153.968196006288,15717.275112646494,0.2881398732062176,0.14376058759865265,0.12336692752478907,0.16368575275610672,0.2810468589142339,0.6368124572878892,0.055461671453201446,0.002771198123330975,203.2276108289681,0.7404884994629275,1.6103370601456253,1.6103370601456253,0.1549316765488143,0.8950968008146846
15585.454947848099,2952.621209021545,3287.3722910826978,7098.638696022001,14624.54183826432,0.35788623688255805,0.06780055487454666,0.07548738887792437,0.16300487206881267,0.3358209472961583,0.6386743718665095,0.06117548576482211,0.002293427438650592,212.238113188115,0.6467702894843831,1.4845780801612272,1.4845780801612272,0.1363416673833688,0.9771315697956561
5231.220991027441,3591.2955039651274,3241.7962594508836,6925.482534559012,15570.908965589299,0.1513632636792237,0.10391268295662652,0.09380006366682113,0.20038603622028003,0.45053795347704856,0.6406085558192915,0.06322127001846965,0.0052709899450367175,76.85388876671219,0.6618292721138092,1.9665591199235768,1.9665591199235768,0.19185281260803608,0.9013161570600279
4242.2680403241775,6079.952505201894,4009.147712559954,7959.785576216722,24803.82373755896,0.09007899056435364,0.12909980678777394,0.08512898655578378,0.16901559330973187,0.5266766227823567,0.5990717050844961,0.21390327980237442,0.008424282239799243,85.62685633945519,0.6159343406183123,2.144049703919283,2.144049703919283,0.19484469419953024,0.633349728091758
7981.904756569738,7517.655362506165,3133.454372360683,10031.972722573622,15054.023178330634,0.182572859836921,0.17195392336289447,0.07167258234439895,0.2294647713327731,0.3443358631230124,0.6328629677743233,0.07119393854596731,0.0038773474737158267,168.69587335599894,0.7082543523485749,1.7627326593418529,1.7627326593418529,0.1699603849512352,0.9253766950820027
5402.3599009408335,3696.142287735583,1699.517591033103,6845.301586663409,10806.932120382171,0.1898879355664047,0.12991597032540703,0.05973646568120409,0.2406059963525531,0.37985363207443107,0.6463463823294227,0.0495415288453055,0.004207473566973752,124.11749053826422,0.6783102807482914,1.834567575432507,1.834567575432507,0.19402391142866782,0.9377441944952574
8750.238701562492,3934.688518906679,2052.9435629231725,8375.433929220932,11492.44812102244,0.2528550308854293,0.11370041674349254,0.059323765409541256,0.24202432380203187,0.33209646315950503,0.6441838137198849,0.0518646356898388,0.004030663902651991,141.88322350994383,0.6870752141707629,1.7966380999002285,1.7966380999002285,0.19160573791968175,0.884980308720721
17128.38109614307,6972.567573098879,3025.106305881293,8149.587789624241,13229.729197404193,0.3531233841379095,0.1437483579868125,0.062366418058638066,0.16801412833166796,0.2727477114849719,0.6406085558192915,0.05870525873846807,0.002359868797203011,206.1323693293718,0.6953637233408877,1.5468940474492305,1.5468940474492305,0.16651854103348718,0.7896086128314546
9861.166800692185,4016.262205424655,4309.998970936323,6748.36760980868,11147.452477582923,0.27328933312988113,0.11130545116813213,0.11944598122759499,0.1870221770988044,0.30893705737558735,0.6354605081608365,0.0606596925582356,0.0030200433024258413,184.39255259373306,0.7246279723364039,1.642497584977946,1.642497584977946,0.16291725966384593,0.9006267618578544
5117.986261838139,5143.250240387619,6025.284350219699,11054.368282573414,13603.203954644014,0.12499938026787732,0.12561641624652642,0.14715881817250206,0.26998688817861005,0.3322384971344841,0.5914106501961556,0.30172358708845143,0.0063777300954664115,136.2180501869685,0.7182827949443976,1.9995706231957862,1.9995706231957862,0.2519482767950125,0.6677075900184348
20952.85698036245,4605.489134934611,6142.076424264074,12208.492874059337,11817.337371767364,0.3759961585979196,0.08264487391016952,0.11021872308404357,0.21907973825328814,0.212060506154579,0.6491853625734599,0.04283769266105591,0.0025213446949237522,302.01577703767674,0.7142481670850627,1.4378778403890822,1.4378778403890822,0.14505772495541083,0.8521514622423739
18232.673888671336,11051.407603038908,3231.843336399276,9078.578645270243,14708.351627162412,0.32383213704016517,0.1962850300096502,0.0574010559611595,0.1612454400235703,0.26123633696545484,0.6406085558192915,0.06043349189512219,0.002079807807697543,336.0625691778843,0.7101851898669714,1.3677309727070752,1.3677309727070752,0.09823884606866701,0.9293350160513275
14893.794141414626,3381.290590427934,2527.0839304447163,9516.14609721248,12569.898585155079,0.3472701001024759,0.07883962344748374,0.05892257413795176,0.22188254895907153,0.29308515335301716,0.639632106805599,0.052240840573794446,0.0030162544978607113,208.94619218748383,0.663883646994776,1.60317204017063,1.60317204017063,0.16065641230495634,0.9841214190505975
11371.417077747072,4930.934940833277,4704.909341409707,5867.307916129722,11523.724208749278,0.2961438138449566,0.12841547093170494,0.12252912602128238,0.15280126754700046,0.3001103216550556,0.6401179497704479,0.055875932949514893,0.003063084130791033,191.02399719696504,0.7258712228420587,1.6329648324575585,1.6329648324575585,0.16312886828386994,0.914730679936236
3932.879019517152,2285.0812271352925,4692.246442290578,10138.671964705904,10180.809168316486,0.12593398441693546,0.07317015911789165,0.15024954681072042,0.32464852106446174,0.3259977885899906,0.6480307986965479,0.04742769891483964,0.004374662513985371,77.04408179493326,0.6848960602482187,1.9048038895065411,1.9048038895065411,0.20017023419069405,0.7017043959756778
18458.42420173434,3531.5706702370762,2705.2922247663437,7778.6043983495765,11264.468658201698,0.42201911861906655,0.08074309731457799,0.06185170672346095,0.17784398800247755,0.257542089340417,0.6480307986965479,0.04921934649557855,0.0028310285827966527,284.32622641983846,0.6502334581126176,1.407328737336978,1.407328737336978,0.17965680543028603,0.83991863917025
10461.517391508281,4925.663202112213,3584.993642390687,10692.995279950648,16968.27095578077,0.22433509699648704,0.10562512978421364,0.07687602729125259,0.2292988716204638,0.36386487430758285,0.6426203946153349,0.053949640509030054,0.0036741849630890244,105.41006600320901,0.6882217074940655,1.8118266651650528,1.8118266651650528,0.18121502937576425,0.8843094018760456
4264.806711810408,1696.6269491436997,5152.515078437618,8833.84206042583,12095.11143989416,0.13309676757447103,0.05294860423226644,0.16080051176050944,0.27568795093341414,0.3774661654993389,0.6497725315895624,0.045538083384053095,0.0048619873581704,111.94884864655731,0.666752585889806,1.912172354392672,1.912172354392672,0.20664341173681103,0.7489251495950201
7891.201857427232,4013.902982306818,3894.3193169726055,9787.39759583246,13100.92890760284,0.20397158590967504,0.10375126270760787,0.1006602671523296,0.2529844053693182,0.33863247886106923,0.6474631323727743,0.04554278323389421,0.003627102750908543,100.58706521856575,0.7071843407245563,1.7992571994851598,1.7992571994851598,0.19436109054931508,0.9436696791560065
17731.449840096946,5836.854946030824,4295.299051528387,12441.965334237188,18466.414465875918,0.30169901954274003,0.09931356038627602,0.07308412589919891,0.21169891781977349,0.31420437635201154,0.6391509418092486,0.0559291626114472,0.0032329131114563468,173.8342063218335,0.6901638505894624,1.7058983056759855,1.7058983056759855,0.15173914274229,0.9724786119478855
19890.272832661038,3923.8268013923566,4027.615086656469,11173.702292412736,17415.448109419325,0.3524715204962479,0.06953334479050793,0.0713725560986942,0.19800692879948917,0.3086156498150608,0.6421098382826886,0.05549420655655362,0.002954143610562657,195.61889451873301,0.6598575398577293,1.6332694537034755,1.6332694537034755,0.1537117989358566,1.0069715833802733
18927.94819896343,8058.01844923385,3306.441911408245,9469.273009976148,12448.04945760427,0.3625367881919852,0.15433939786125286,0.06332999320924597,0.18136988687119335,0.23842393386632252,0.639632106805599,0.056370013240112864,0.0018677644800138401,260.5194311896977,0.708712955190922,1.4065271424658545,1.4065271424658545,0.12007269062444151,0.9777258030306263
23336.01536151572,4093.734364306526,4814.110515652728,11109.499168048647,18797.645406473555,0.3754728572869222,0.06586754914785917,0.0774582893696614,0.17875011354907572,0.30245119064648157,0.6391509418092486,0.06920003593210948,0.0024101006777751187,273.7882553697858,0.6541874075210442,1.4786284054721164,1.4786284054721164,0.13355639028136926,0.9750551730363756
23542.49054551708,4699.4547530866075,4451.438621009437,10422.454621714147,12843.970750664597,0.42070355212747534,0.08397910594307767,0.0795470656052872,0.18624893032302833,0.22952134600113144,0.639632106805599,0.05671095535637349,0.0017170222924970647,355.7504937385848,0.6751907296288514,1.3267068080098643,1.3267068080098643,0.09577159630059554,1.0737630304719215
4304.313097020524,2672.772371033865,3546.469513311833,8777.205441954598,14749.541046401135,0.12641042549499845,0.07849482253220386,0.10415383594959966,0.25777173954713506,0.43316917647606296,0.6411040123456083,0.05423705189614431,0.005289172349805426,75.16558048662826,0.6500608775964131,1.9800668890306095,1.9800668890306095,0.1946082107594594,0.7340495939115326
40629.30851492492,9952.085687118668,5278.359838187115,10824.809923999592,18741.002052040858,0.4756106445602735,0.11650008482499348,0.06178899461060331,0.12671627978370986,0.21938399622041987,0.6406085558192915,0.05536901120569367,0.001199758047054618,309.34279926171934,0.6447627002503776,1.1960059929234996,1.1960059929234996,0.09222889148340845,0.8422114341950555
29074.541312445122,5629.45472608075,3874.680592359336,10078.569795443405,8028.150025942219,0.5129106107059852,0.09931049403210503,0.0683541235461204,0.1777983471268402,0.1416264245889491,0.6940878737122669,0.009269462248079579,0.000993885039702428,578.7218653404534,0.6600309746407382,0.9353424099983225,0.9353424099983225,0.0603762654341971,0.9175703773681967
5845.726513565467,4527.698804873918,3153.5101664487943,8674.219886362736,11235.391979171147,0.17483044682517668,0.13541167266532275,0.09431327144514483,0.25942331292328374,0.33602129614107196,0.6457970505274119,0.04850108584305257,0.003479218409933954,102.68464603735997,0.7135193387789237,1.7942144583061947,1.7942144583061947,0.17011067413196185,0.7782848365970729
39190.05398629109,5672.281737017304,4253.200039986817,6522.025868460684,10190.099534779614,0.5953432537599246,0.08616866582373572,0.06461113709063379,0.09907728381782846,0.1547996595078773,0.6436572808543757,0.04968682017459796,0.0010829717946677806,610.2380156573093,0.5753805765626809,1.0047337870504132,1.0047337870504132,0.13016186688476988,1.013378374626103
10255.195744786824,5741.0540952341335,3393.222868644439,6921.668084033284,9955.944689388418,0.28276867601759814,0.15829929587448466,0.09356205009416614,0.19085261448571617,0.2745173635280348,0.6368124572878892,0.06168468006581193,0.002895931988510768,164.26866676375806,0.7373515599240446,1.6593384303932905,1.6593384303932905,0.16261217981398823,0.9102841226352042
22159.718270267625,5328.16401413413,6315.0363781217975,9237.099086135957,12101.673292114734,0.4018686741739882,0.09662677936725311,0.11452380692228274,0.16751570203579053,0.21946503750068552,0.6401179497704479,0.06300419972984506,0.0020489040732051297,323.9296097334898,0.708091413042996,1.3886480375809056,1.3886480375809056,0.10634460630677642,0.9515737662022581
15361.547455620344,4686.1971516092535,4514.388493201952,8299.062358872701,13022.16658421466,0.3347955941208145,0.10213281989154466,0.09838835456129386,0.1808730221425645,0.28381020928378237,0.6332864686472042,0.06025798463576218,0.0026387500812969735,161.80391168623714,0.7063279487900689,1.6432844248007092,1.6432844248007092,0.1505746727207454,0.8348347324942712
22768.87391859453,8271.881794759682,5471.586923807813,6952.5247287293005,13628.303272230496,0.3988020574809602,0.14488390997217526,0.0958361019829991,0.12177506785876441,0.23870286270510097,0.6411040123456083,0.05438129013888297,0.0017860727310004742,277.2276640233122,0.7006537026066058,1.3798113392965017,1.3798113392965017,0.1155248208755259,0.8716672993249664
26687.091264399678,5695.966021869596,5235.8899921926195,9231.791935990486,13440.192323228423,0.44263856244650496,0.09447467266797353,0.08684374015552036,0.15312073807021498,0.22292228665978617,0.6457970505274119,0.052043695562863194,0.0025973840887483315,310.09932811746296,0.6730347537357668,1.3651395284853436,1.3651395284853436,0.13985109771258775,0.9915913944760611
20552.075586089933,2163.8786586344695,5061.356421193424,7635.089166716663,12434.044953840103,0.42954237619551766,0.045225484741682684,0.10578333340712885,0.15957484826281135,0.2598739573928595,0.6411040123456083,0.0539969225143561,0.0018366454930905454,269.46967897913385,0.6421414862896326,1.3962161940455033,1.3962161940455033,0.12362602352204888,1.0193907165020881
21543.880130477166,4957.256873926502,4291.082615871608,5946.00343254352,12421.568724925191,0.4382418914197005,0.10083966377113075,0.08728846198682032,0.12095257562167792,0.2526774072006705,0.6406085558192915,0.05494372681615773,0.002020225675012203,264.82452500199093,0.6593870526065305,1.4166071072361524,1.4166071072361524,0.13792219437017308,0.9852039286974169
13038.011587344874,10043.216944816359,3665.2960979291493,7542.5939508891815,15618.743281650733,0.2612416381056668,0.20123516756658447,0.07344125677068179,0.15113037644549704,0.31295156111156985,0.637271434684522,0.06708625729257957,0.002830416411529776,179.73739335274902,0.7149430208298371,1.6465764356168957,1.6465764356168957,0.1565365796352245,0.8452673364377181
11012.959508498534,5258.984942140344,2727.4396651957636,7345.22752753826,11732.929149328635,0.28922454757397115,0.13811251547916018,0.07162856656222247,0.19290183595433627,0.30813253443030986,0.6447158798612393,0.05288381584190282,0.0030954563940855,206.10025085066022,0.7073795056994426,1.628293787167195,1.628293787167195,0.16286094988718336,0.9766477034747836
27642.964959538614,6772.908463092209,4630.945242929364,10175.699369956941,15416.80943901088,0.42764932804153466,0.10477999582779018,0.0716428438206485,0.15742272959084871,0.23850510271917785,0.6416044091016299,0.05749616521250774,0.001825740115681187,359.87204103426535,0.6707566738421415,1.3117451408475296,1.3117451408475296,0.12989376953946383,0.914598870922538
10441.183261070822,4549.0277719917185,5441.590949810655,7199.789165911416,11595.691713320086,0.2661714627998737,0.11596591555889492,0.1387195480487249,0.18354034846667225,0.29560272512583435,0.6457970505274119,0.05283463208250225,0.003019304036311019,206.11953852820028,0.7377264156565458,1.6214493028068708,1.6214493028068708,0.1559418686091244,0.990402266286509
7511.876319077295,5815.082783661412,3723.325915668451,8023.528958136789,11934.926504208806,0.20297573550183418,0.1571272815049104,0.1006066639205096,0.21680091929390596,0.3224893997788398,0.6426203946153349,0.05650044064569465,0.0030832246690931744,132.9699376457176,0.7312871682833371,1.7150078954523198,1.7150078954523198,0.18408673128098663,0.9097856443696771
1940.552640332654,4930.954467493095,3376.794165471553,7078.582906096003,18808.19532945285,0.05370273614196949,0.13645893504360374,0.09344919705088475,0.19589227427500494,0.5204968574885369,0.6009481173125659,0.22167689975248397,0.008882838318219087,84.62756334119312,0.6024959575961958,2.160700696914005,2.160700696914005,0.17785918327235317,0.6488307211374943
31521.351802521127,9282.939513816338,11288.173861749163,19285.775442945574,21204.614287937635,0.3404664052919284,0.10026629145259773,0.12192510020184649,0.20830828193738368,0.2290339211162437,0.637271434684522,0.06047420986907846,0.002031779125890901,386.3206498259448,0.7336663045188644,1.2790759440892945,1.2790759440892945,0.07509157100913684,1.049391145942156
8596.001224631202,3785.748297433006,2545.385492441251,8023.4918363286815,12961.616474393564,0.23936129934251882,0.10541664755244032,0.07087793066531055,0.2234193994417587,0.3609247229979716,0.6421098382826886,0.0554285736491825,0.0036799265362781335,144.08851437068105,0.6846138064996661,1.7588933100707653,1.7588933100707653,0.16205983068348223,0.92641829774432
13373.688663153629,5696.025550230143,5945.88027477806,8432.736549129679,16608.116526087233,0.26717214892688085,0.11379204533078673,0.11878350470735483,0.16846454272354439,0.3317877583114331,0.6421098382826886,0.05259238009526376,0.0034578791083076693,200.21687429047716,0.7164284372576412,1.6561695573933097,1.6561695573933097,0.13982599311042293,0.9323800053509045
16207.900693668555,2964.2993433233087,4096.958190385092,7046.043582476567,14655.16113069411,0.36041293940847124,0.06591673158702799,0.09110351623804798,0.1566819372081048,0.325884875558348,0.6391509418092486,0.0555241333308025,0.002695936195266154,146.4111140442541,0.6559635221530773,1.633773220659049,1.633773220659049,0.1538132812106803,0.9910405530971167
12567.685697359677,5752.571662095652,4702.379532886253,7373.235883956131,12717.077483328874,0.2915060468299422,0.13343024839296805,0.10907116085928892,0.1710213715265236,0.29497117239127724,0.6480307986965479,0.05078412307565857,0.0026088938526221237,224.5645630831946,0.728069694289613,1.5558656998169642,1.5558656998169642,0.14789654668131352,1.0103682039154787
10421.110803685853,4459.385040135537,6899.643283121613,9031.60280086239,13232.126291570325,0.23660752847093053,0.10124871452988704,0.1566538899071161,0.20505925492005764,0.30043061217200867,0.6406085558192915,0.06205622169655622,0.002930635802142775,183.51441173576455,0.7382772979669127,1.6803162939022906,1.6803162939022906,0.15601927145998934,1.000534518633472
18490.665803017077,5762.872350665039,5410.9032797079435,8645.809476627892,8692.580013902087,0.39339472622290633,0.12260692042130335,0.11511866781952279,0.1839423138283355,0.18493737170793215,0.6954316966073145,0.011845632583993222,0.0011554369085704345,595.6845039514263,0.7360580500496765,0.9519449603915152,0.9519449603915152,0.06094378187450238,1.0056647025078904
14841.396392266526,4359.770668727678,4697.985653517762,10102.219931781518,13602.123364446365,0.31177114363445385,0.09158509424904565,0.0986899292534701,0.21221592484514898,0.28573790801788135,0.6406085558192915,0.05519493241370927,0.0027031325702778553,252.15828550724302,0.7082025039612574,1.5191495979060898,1.5191495979060898,0.13106459430699657,1.0375046745346235
21707.9110011205,5425.852286684109,4819.98996537241,9613.584370913668,11812.403275533625,0.406669471137753,0.10164628368816785,0.09029624131064924,0.18009799614784808,0.22129000771558188,0.6391509418092486,0.05279883482491684,0.0019982107719740674,353.77166594895345,0.6984783913584924,1.3407521042397985,1.3407521042397985,0.10155813511913847,0.9593655558107785
13449.101202594655,7509.06361538482,3855.762019626355,6766.17891817218,10736.646541619892,0.31781978702136016,0.17744895833715857,0.09111668099027177,0.159893624884541,0.2537209487666684,0.6391509418092486,0.06541786451658321,0.0030179059919142517,228.87819536292278,0.7347499762806543,1.5908131123591183,1.5908131123591183,0.16129886132390459,0.8675220398667228
18910.606574105404,2618.6127451932607,2805.224731781929,6535.34358018976,10560.644838951208,0.45644241313912287,0.06320505457130837,0.06770927949637517,0.15774258656090756,0.2549006662322859,0.6426203946153349,0.0501799975907083,0.0016161975079689314,295.1251494343717,0.6251524361202523,1.3394137985813186,1.3394137985813186,0.10615813229482725,1.049624623699975
16458.362511602485,6901.749801808131,4141.012001846407,7864.322319233697,11280.275240054127,0.3528375561614798,0.14796104603913318,0.08877581556104523,0.1685968616883032,0.24182872055003857,0.6363576908888365,0.06490333607269502,0.0020534727374137223,189.42434371123838,0.7241157778251096,1.519878232460498,1.519878232460498,0.136266110291822,0.951323602287058
13342.820653373346,5723.807548353674,2398.189492027335,8910.083894692993,12242.378617969014,0.313084753150542,0.134307199348022,0.05627270159925102,0.20907209121598308,0.2872632546862019,0.6416044091016299,0.05013448046985424,0.002297040551707753,190.19665620393062,0.6973608984205517,1.5750803551563224,1.5750803551563224,0.14094425537174735,0.9522832479685928
32988.15921613926,4629.309704066638,2881.598483168469,8158.947969788704,11512.689009737362,0.5482428626099644,0.0769362724193439,0.047890389729048514,0.13559668369292596,0.1913337915487173,0.639632106805599,0.06041086751513638,0.0013644411218578505,362.6427770504211,0.5861062435588735,1.2318796851061515,1.2318796851061515,0.08381493248110322,1.0322736705953472
22585.655722625375,4808.0708031230115,5560.393484651826,10952.57577280145,13022.615806419657,0.3967315797780159,0.08445685831900279,0.09767189044431605,0.19238904295477544,0.22875062850388983,0.6447158798612393,0.05127951099472843,0.0025068344644076294,347.9914006789365,0.6957795375518384,1.2620087921088157,1.2620087921088157,0.08878170794968254,1.0672457462460614
4398.537449684882,3346.912986513437,3039.507405784885,6741.74079568601,8933.11392163593,0.16623464130089025,0.1264904269072921,0.1148725977923067,0.2547917065011534,0.33761062749835746,0.6474631323727743,0.04539269349752167,0.0036140720520706237,95.77292905423843,0.718741328503215,1.7874127547709655,1.7874127547709655,0.1767685677809988,0.8727601777201388
7592.800206348096,6202.122367123226,2045.312491904095,6933.62665291262,10068.704714002059,0.23118778558313335,0.18884402289053248,0.06227626869906208,0.2111170778083782,0.3065748450188937,0.6463463823294227,0.05076627943976248,0.0031631644920946896,127.52230930304196,0.7173939742018319,1.7264570809441324,1.7264570809441324,0.18889984839424687,0.7782326104962857
10046.112597999696,1492.5866113091818,3633.33215925247,7051.752733651769,8733.994125510542,0.3245101287340797,0.04821362180224302,0.11736411226044338,0.2277861376801486,0.28212599952308515,0.6441838137198849,0.05743385137574047,0.003166984560118718,179.24784728756603,0.6833627653027855,1.6798673923124128,1.6798673923124128,0.16722190862207542,0.9915963665078928
13267.678747774557,2319.2293348409376,5832.33090822752,13069.4226669652,21267.12654828444,0.23796056292366694,0.04159620748734221,0.10460494050714897,0.23440476921707393,0.38143351986476803,0.639632106805599,0.06173733591434147,0.004399270104152502,88.73804761279055,0.652462771122356,1.8867405510645177,1.8867405510645177,0.18427461193057734,0.9172333953369675
7752.9110355572375,5654.969749842869,3658.633083270129,10818.036298877447,12289.295982781205,0.19298403758868798,0.14076246841495343,0.09107002276007316,0.2692805726988847,0.30590289853740077,0.6497725315895624,0.0442502922806329,0.0031473064215669358,114.94295843588094,0.723848624997054,1.7478876477056668,1.7478876477056668,0.18709814822321902,0.8395518121437172
6055.885619703065,2533.1080319507173,3476.8184139468513,7889.825722900003,10225.317030886778,0.20065255244386537,0.08393067903615556,0.11519908613737558,0.26141736635289603,0.33880031602970745,0.6560429115386469,0.035083172810383007,0.003642523268104373,99.155563260422,0.7020636435837149,1.773042392430421,1.773042392430421,0.17771670645062307,0.9478915732385342
5187.442045473345,2844.3240926157387,2196.172009968308,7231.582471979443,10150.202052108822,0.18788461249944927,0.10301893019321283,0.07954342881480436,0.26192159037059426,0.3676314381219394,0.6547268691835868,0.04479956324849241,0.004170698203919664,135.61075763045088,0.6838005889877249,1.826614636576081,1.826614636576081,0.19272750156619853,0.8262295022743242
6595.658343239587,3188.3452655393603,6081.560553974148,8436.773011799429,10705.95258028705,0.18840275801612952,0.091074008123993,0.1737177279028156,0.24099357811768343,0.3058119278393784,0.6452535881295922,0.04802039635719694,0.0036512265885708605,118.19171636790068,0.7329827277871193,1.8013470882009701,1.8013470882009701,0.19253270370598954,0.7133325421389458
5523.588666462617,2228.695118158537,4255.938478222572,9105.664188622435,12918.690744105406,0.16230297913439728,0.06548710975813321,0.12505483947822701,0.2675572918352858,0.37959777979395665,0.6436572808543757,0.05207270645623314,0.004618123351302241,141.0976566636858,0.6749984374774086,1.829549953598023,1.829549953598023,0.19328828513927526,0.8090310078773462
4220.557741021515,4115.816542816294,3567.9120181038124,8048.444001301922,10959.642148185414,0.13653296095772213,0.1331446348637028,0.11542019376577749,0.26036319321488616,0.3545390171979114,0.6469017022093453,0.042134824283162994,0.0033907304199467794,91.1678876257467,0.708261250452224,1.768136218168853,1.768136218168853,0.17761763077556322,0.8837142224304835
15329.863652309861,2844.114445718888,2693.0788193873486,8300.849445786174,12535.079325073315,0.3675963099356628,0.06819930033255353,0.06457760217740197,0.19904688618301694,0.30057990137136487,0.6411040123456083,0.05793106915367344,0.0022916232160020552,176.086969122486,0.6519395088261619,1.5608833529365658,1.5608833529365658,0.1370555534074792,0.9617008543891284
20440.578017814863,4563.347297050956,3607.684067995405,6841.656968388823,10865.61633524564,0.4413011893262774,0.09852023693959708,0.07788797697072318,0.14770772893413325,0.23458286782926915,0.6426203946153349,0.05100790939982633,0.001692592823826288,233.86403127543406,0.6652125589664124,1.3951806436392482,1.3951806436392482,0.11651532268892328,0.9596732983335927
12459.20839261013,3771.297588016824,5050.9904953257155,5441.375637868809,9834.354850260552,0.3408138260829102,0.10316147862424507,0.13816667495837093,0.1488454155238589,0.26901260481061484,0.6421098382826886,0.05138074003839104,0.0021773820484671446,162.83971775533828,0.7196213500111256,1.543938395421713,1.543938395421713,0.1804411271172055,0.7385653154392474
8829.136883786214,2256.774433246123,4874.715522815566,8725.098752662436,12026.807606217819,0.2404938072781119,0.061471498603215574,0.1327806908999797,0.23765994859119943,0.32759405462749347,0.6426203946153349,0.052886543980844976,0.004003355686187324,159.19303781502492,0.6982327274536912,1.784914925512168,1.784914925512168,0.1900259470426071,0.9233515174981046
6208.256603555697,3886.215191721847,4085.9031355700927,9173.58286042247,9624.330489338197,0.18825284534874537,0.11784162836635144,0.1238967620394252,0.2781703762901686,0.2918383879553093,0.6480307986965479,0.04428655673506334,0.003919823128472566,160.61567843406294,0.7338152139047096,1.7598887109356403,1.7598887109356403,0.18465421608334187,0.8496221574774395
36460.97309225255,7110.160898566603,5047.069254297894,10151.65835328098,15463.794914058872,0.49116498910617656,0.09578082547198076,0.06798896203436998,0.13675277266690297,0.20831245072056964,0.6486048308749939,0.047946371981616234,0.0010912393205535621,490.1737499332557,0.6391929481196528,1.0690816846888764,1.0690816846888764,0.12270944052015417,0.9493170838022476
11878.650431363982,2166.880547106346,2844.1122061622646,7014.746024218655,12234.48156475618,0.32869456563205834,0.0599598299758951,0.07869953170311418,0.19410529089751175,0.3385407817914206,0.6491853625734599,0.04267167581249697,0.003386321936087315,166.25392495484672,0.6540897883434025,1.6768325466820366,1.6768325466820366,0.17987966626787644,0.9372575522251492
